Pairs,Jaccard Similarity,Cosine Similarity,Jaro-Winkler Similarity,Levenshtein Similarity
p_promo_sk-ss_sold_date_sk,0.33,0.25,0.5444445013999939,0.2666666666666667
p_promo_sk-ss_sold_time_sk,0.42,0.25,0.6111111044883728,0.33333333333333337
p_promo_sk-ss_item_sk,0.4,0.2222222222222222,0.6666666865348816,0.4
p_promo_sk-ss_customer_sk,0.55,0.2773500981126146,0.565079391002655,0.4285714285714286
p_promo_sk-ss_cdemo_sk,0.5,0.4216370213557839,0.6595959663391113,0.5454545454545454
p_promo_sk-ss_hdemo_sk,0.5,0.4216370213557839,0.6595959663391113,0.5454545454545454
p_promo_sk-ss_addr_sk,0.44,0.2222222222222222,0.6666666865348816,0.30000000000000004
p_promo_sk-ss_store_sk,0.56,0.28867513459481287,0.6595959663391113,0.4545454545454546
p_promo_sk-ss_promo_sk,1.0,0.8432740427115678,0.8690235614776611,0.8181818181818181
p_promo_sk-ss_ticket_number,0.36,0.0,0.47083333134651184,0.125
p_promo_sk-ss_quantity,0.14,0.0,0.3969697058200836,0.09090909090909094
p_promo_sk-ss_wholesale_cost,0.21,0.0,0.37843140959739685,0.23529411764705888
p_promo_sk-ss_list_price,0.33,0.19245008972987526,0.3991452753543854,0.07692307692307687
p_promo_sk-ss_sales_price,0.33,0.2581988897471611,0.3936507999897003,0.1428571428571429
p_promo_sk-ss_ext_discount_amt,0.25,0.0,0.45350876450538635,0.1578947368421053
p_promo_sk-ss_ext_sales_price,0.29,0.22941573387056172,0.3777778148651123,0.11111111111111116
p_promo_sk-ss_ext_wholesale_cost,0.2,0.0,0.44682541489601135,0.19047619047619047
p_promo_sk-ss_ext_list_price,0.31,0.15713484026367722,0.38104572892189026,0.11764705882352944
p_promo_sk-ss_ext_tax,0.18,0.0,0.46666666865348816,0.0
p_promo_sk-ss_coupon_amt,0.42,0.0,0.5615384578704834,0.23076923076923073
p_promo_sk-ss_net_apid,0.23,0.0,0.46060606837272644,0.09090909090909094
p_promo_sk-ss_net_paid_inc_tax,0.2,0.07856742013183861,0.45350876450538635,0.1578947368421053
p_promo_sk-ss_net_profit,0.42,0.28867513459481287,0.4948718249797821,0.15384615384615385
p_promo_id_b-ss_sold_date_sk,0.21,0.07537783614444091,0.5166666507720947,0.19999999999999996
p_promo_id_b-ss_sold_time_sk,0.38,0.07537783614444091,0.6357142925262451,0.2666666666666667
p_promo_id_b-ss_item_sk,0.25,0.10050378152592121,0.49444445967674255,0.16666666666666663
p_promo_id_b-ss_customer_sk,0.29,0.08362420100070908,0.5396825671195984,0.2142857142857143
p_promo_id_b-ss_cdemo_sk,0.33,0.19069251784911848,0.5570707321166992,0.25
p_promo_id_b-ss_hdemo_sk,0.33,0.19069251784911848,0.5570707321166992,0.25
p_promo_id_b-ss_addr_sk,0.27,0.0,0.49444445967674255,0.08333333333333337
p_promo_id_b-ss_store_sk,0.25,0.0,0.4823232591152191,0.16666666666666663
p_promo_id_b-ss_promo_sk,0.5,0.5720775535473553,0.6922799944877625,0.5
p_promo_id_b-ss_ticket_number,0.33,0.0,0.5097222328186035,0.1875
p_promo_id_b-ss_quantity,0.13,0.0,0.44949495792388916,0.08333333333333337
p_promo_id_b-ss_wholesale_cost,0.13,0.0,0.47549018263816833,0.17647058823529416
p_promo_id_b-ss_list_price,0.31,0.17407765595569785,0.38247862458229065,0.07692307692307687
p_promo_id_b-ss_sales_price,0.31,0.1556997888323046,0.4880952537059784,0.1428571428571429
p_promo_id_b-ss_ext_discount_amt,0.31,0.0,0.5497075915336609,0.1578947368421053
p_promo_id_b-ss_ext_sales_price,0.27,0.13834289277321493,0.43518519401550293,0.11111111111111116
p_promo_id_b-ss_ext_wholesale_cost,0.12,0.0,0.4246031939983368,0.1428571428571429
p_promo_id_b-ss_ext_list_price,0.29,0.1421338109037403,0.5228758454322815,0.11764705882352944
p_promo_id_b-ss_ext_tax,0.08,0.0,0.4555555582046509,0.08333333333333337
p_promo_id_b-ss_coupon_amt,0.29,0.0,0.5337607264518738,0.15384615384615385
p_promo_id_b-ss_net_apid,0.31,0.09534625892455924,0.5656566023826599,0.16666666666666663
p_promo_id_b-ss_net_paid_inc_tax,0.27,0.2842676218074806,0.5497075915336609,0.21052631578947367
p_promo_id_b-ss_net_profit,0.38,0.26111648393354675,0.5427350401878357,0.07692307692307687
p_start_date_sk-ss_sold_date_sk,0.64,0.625,0.6777777671813965,0.6
p_start_date_sk-ss_sold_time_sk,0.46,0.375,0.6592592597007751,0.4
p_start_date_sk-ss_item_sk,0.45,0.3333333333333333,0.6269841194152832,0.4
p_start_date_sk-ss_customer_sk,0.46,0.2773500981126146,0.6182540059089661,0.2666666666666667
p_start_date_sk-ss_cdemo_sk,0.42,0.23717082451262844,0.6057720184326172,0.33333333333333337
p_start_date_sk-ss_hdemo_sk,0.42,0.23717082451262844,0.6057720184326172,0.33333333333333337
p_start_date_sk-ss_addr_sk,0.67,0.25,0.694444477558136,0.4
p_start_date_sk-ss_store_sk,0.6,0.5051814855409226,0.6702020168304443,0.4666666666666667
p_start_date_sk-ss_promo_sk,0.45,0.23717082451262844,0.6533910632133484,0.33333333333333337
p_start_date_sk-ss_ticket_number,0.4,0.06454972243679027,0.48055553436279297,0.125
p_start_date_sk-ss_quantity,0.29,0.0,0.46262630820274353,0.19999999999999996
p_start_date_sk-ss_wholesale_cost,0.36,0.11785113019775793,0.48328664898872375,0.23529411764705888
p_start_date_sk-ss_list_price,0.5,0.14433756729740646,0.5094017386436462,0.1333333333333333
p_start_date_sk-ss_sales_price,0.5,0.12909944487358055,0.5126984119415283,0.1333333333333333
p_start_date_sk-ss_ext_discount_amt,0.38,0.16770509831248423,0.6798511147499084,0.21052631578947367
p_start_date_sk-ss_ext_sales_price,0.54,0.1720618004029213,0.5342592597007751,0.2777777777777778
p_start_date_sk-ss_ext_wholesale_cost,0.33,0.15990053726670783,0.5130952596664429,0.2857142857142857
p_start_date_sk-ss_ext_list_price,0.46,0.1767766952966369,0.5429738759994507,0.17647058823529416
p_start_date_sk-ss_ext_tax,0.5,0.16666666666666666,0.5555555820465088,0.2666666666666667
p_start_date_sk-ss_coupon_amt,0.36,0.0,0.5094017386436462,0.06666666666666665
p_start_date_sk-ss_net_apid,0.64,0.07905694150420949,0.5373737812042236,0.2666666666666667
p_start_date_sk-ss_net_paid_inc_tax,0.54,0.11785113019775793,0.6495481133460999,0.21052631578947367
p_start_date_sk-ss_net_profit,0.46,0.07216878364870323,0.5094017386436462,0.19999999999999996
p_end_date_sk-ss_sold_date_sk,0.64,0.649519052838329,0.8119657635688782,0.6666666666666667
p_end_date_sk-ss_sold_time_sk,0.46,0.36084391824351614,0.7162392735481262,0.4666666666666667
p_end_date_sk-ss_item_sk,0.45,0.28867513459481287,0.6316239237785339,0.3846153846153846
p_end_date_sk-ss_customer_sk,0.36,0.16012815380508716,0.5744810700416565,0.2857142857142857
p_end_date_sk-ss_cdemo_sk,0.42,0.18257418583505536,0.6134421229362488,0.3076923076923077
p_end_date_sk-ss_hdemo_sk,0.42,0.18257418583505536,0.6134421229362488,0.3076923076923077
p_end_date_sk-ss_addr_sk,0.5,0.19245008972987526,0.6985347867012024,0.3846153846153846
p_end_date_sk-ss_store_sk,0.45,0.33333333333333337,0.6134421229362488,0.3076923076923077
p_end_date_sk-ss_promo_sk,0.33,0.18257418583505536,0.5463869571685791,0.23076923076923073
p_end_date_sk-ss_ticket_number,0.4,0.0,0.5157967209815979,0.0625
p_end_date_sk-ss_quantity,0.38,0.0,0.4737762212753296,0.07692307692307687
p_end_date_sk-ss_wholesale_cost,0.36,0.06804138174397717,0.5492709875106812,0.2941176470588235
p_end_date_sk-ss_list_price,0.38,0.0,0.45512819290161133,0.0
p_end_date_sk-ss_sales_price,0.38,0.07453559924999299,0.5189254879951477,0.0714285714285714
p_end_date_sk-ss_ext_discount_amt,0.47,0.12909944487358055,0.5403894782066345,0.26315789473684215
p_end_date_sk-ss_ext_sales_price,0.43,0.13245323570650439,0.56160968542099,0.33333333333333337
p_end_date_sk-ss_ext_wholesale_cost,0.33,0.12309149097933272,0.5404456853866577,0.33333333333333337
p_end_date_sk-ss_ext_list_price,0.36,0.06804138174397717,0.5548373460769653,0.23529411764705888
p_end_date_sk-ss_ext_tax,0.5,0.09622504486493763,0.5615384578704834,0.23076923076923073
p_end_date_sk-ss_coupon_amt,0.46,0.0,0.5897436141967773,0.0
p_end_date_sk-ss_net_apid,0.8,0.0,0.6297036409378052,0.15384615384615385
p_end_date_sk-ss_net_paid_inc_tax,0.67,0.06804138174397717,0.6108861565589905,0.21052631578947367
p_end_date_sk-ss_net_profit,0.46,0.0,0.4564102590084076,0.07692307692307687
p_item_sk-ss_sold_date_sk,0.42,0.35355339059327373,0.4870370328426361,0.33333333333333337
p_item_sk-ss_sold_time_sk,0.64,0.2651650429449553,0.5777778029441833,0.4
p_item_sk-ss_item_sk,0.88,0.8249579113843053,0.8962963223457336,0.8
p_item_sk-ss_customer_sk,0.5,0.19611613513818402,0.6640211939811707,0.4285714285714286
p_item_sk-ss_cdemo_sk,0.45,0.33541019662496846,0.7373737692832947,0.5454545454545454
p_item_sk-ss_hdemo_sk,0.45,0.33541019662496846,0.7373737692832947,0.5454545454545454
p_item_sk-ss_addr_sk,0.27,0.2357022603955158,0.614814817905426,0.4
p_item_sk-ss_store_sk,0.5,0.30618621784789724,0.6262626647949219,0.4545454545454546
p_item_sk-ss_promo_sk,0.5,0.22360679774997896,0.6818181872367859,0.4545454545454546
p_item_sk-ss_ticket_number,0.54,0.0,0.6712962985038757,0.25
p_item_sk-ss_quantity,0.31,0.11180339887498948,0.4680134356021881,0.09090909090909094
p_item_sk-ss_wholesale_cost,0.29,0.0,0.3932461738586426,0.23529411764705888
p_item_sk-ss_list_price,0.55,0.0,0.5800569653511047,0.23076923076923073
p_item_sk-ss_sales_price,0.42,0.09128709291752767,0.41005292534828186,0.2142857142857143
p_item_sk-ss_ext_discount_amt,0.4,0.0,0.5497075915336609,0.1578947368421053
p_item_sk-ss_ext_sales_price,0.46,0.08111071056538126,0.4777778089046478,0.2222222222222222
p_item_sk-ss_ext_wholesale_cost,0.27,0.0,0.464550256729126,0.23809523809523814
p_item_sk-ss_ext_list_price,0.5,0.0,0.5620915293693542,0.17647058823529416
p_item_sk-ss_ext_tax,0.4,0.0,0.5314815044403076,0.09999999999999998
p_item_sk-ss_coupon_amt,0.38,0.0,0.45868945121765137,0.15384615384615385
p_item_sk-ss_net_apid,0.55,0.0,0.5193602442741394,0.18181818181818177
p_item_sk-ss_net_paid_inc_tax,0.46,0.08333333333333333,0.6201615333557129,0.1578947368421053
p_item_sk-ss_net_profit,0.5,0.10206207261596574,0.5007122159004211,0.15384615384615385
p_cost-ss_sold_date_sk,0.36,0.0,0.5611111521720886,0.19999999999999996
p_cost-ss_sold_time_sk,0.33,0.0,0.5611111521720886,0.19999999999999996
p_cost-ss_item_sk,0.3,0.0,0.4888888895511627,0.19999999999999996
p_cost-ss_customer_sk,0.45,0.24806946917841693,0.5968254208564758,0.2857142857142857
p_cost-ss_cdemo_sk,0.4,0.14142135623730948,0.5101010203361511,0.36363636363636365
p_cost-ss_hdemo_sk,0.27,0.0,0.47979798913002014,0.2727272727272727
p_cost-ss_addr_sk,0.2,0.0,0.3444444239139557,0.19999999999999996
p_cost-ss_store_sk,0.44,0.12909944487358055,0.5101010203361511,0.2727272727272727
p_cost-ss_promo_sk,0.44,0.0,0.5934343338012695,0.2727272727272727
p_cost-ss_ticket_number,0.29,0.0,0.472222238779068,0.1875
p_cost-ss_quantity,0.25,0.0,0.47979798913002014,0.18181818181818177
p_cost-ss_wholesale_cost,0.45,0.4216370213557839,0.44771242141723633,0.2941176470588235
p_cost-ss_list_price,0.5,0.12909944487358055,0.46581196784973145,0.23076923076923073
p_cost-ss_sales_price,0.36,0.0,0.3253968358039856,0.1428571428571429
p_cost-ss_ext_discount_amt,0.36,0.09999999999999998,0.565497100353241,0.21052631578947367
p_cost-ss_ext_sales_price,0.42,0.0,0.4444444477558136,0.11111111111111116
p_cost-ss_ext_wholesale_cost,0.42,0.38138503569823684,0.4523809850215912,0.23809523809523814
p_cost-ss_ext_list_price,0.45,0.10540925533894598,0.44771242141723633,0.17647058823529416
p_cost-ss_ext_tax,0.33,0.0,0.4888888895511627,0.19999999999999996
p_cost-ss_coupon_amt,0.6,0.2581988897471611,0.49145302176475525,0.3076923076923077
p_cost-ss_net_apid,0.36,0.0,0.47979798913002014,0.09090909090909094
p_cost-ss_net_paid_inc_tax,0.42,0.0,0.542397677898407,0.1578947368421053
p_cost-ss_net_profit,0.45,0.0,0.46581196784973145,0.23076923076923073
p_response_target-ss_sold_date_sk,0.46,0.0625,0.5429738759994507,0.17647058823529416
p_response_target-ss_sold_time_sk,0.33,0.125,0.48328664898872375,0.17647058823529416
p_response_target-ss_item_sk,0.31,0.0,0.4843137264251709,0.17647058823529416
p_response_target-ss_customer_sk,0.43,0.0,0.5140056014060974,0.23529411764705888
p_response_target-ss_cdemo_sk,0.29,0.0,0.5216875076293945,0.11764705882352944
p_response_target-ss_hdemo_sk,0.29,0.0,0.5216875076293945,0.11764705882352944
p_response_target-ss_addr_sk,0.33,0.0,0.4647059142589569,0.17647058823529416
p_response_target-ss_store_sk,0.55,0.14433756729740646,0.6076202988624573,0.23529411764705888
p_response_target-ss_promo_sk,0.42,0.0,0.5398523211479187,0.11764705882352944
p_response_target-ss_ticket_number,0.38,0.12909944487358055,0.5491557717323303,0.11764705882352944
p_response_target-ss_quantity,0.36,0.0,0.5874713659286499,0.17647058823529416
p_response_target-ss_wholesale_cost,0.43,0.11785113019775793,0.5381264090538025,0.11764705882352944
p_response_target-ss_list_price,0.46,0.0,0.5286576151847839,0.23529411764705888
p_response_target-ss_sales_price,0.46,0.06454972243679027,0.5140056014060974,0.23529411764705888
p_response_target-ss_ext_discount_amt,0.44,0.0,0.5381836891174316,0.1578947368421053
p_response_target-ss_ext_sales_price,0.5,0.057353933467640436,0.6315111517906189,0.16666666666666663
p_response_target-ss_ext_wholesale_cost,0.4,0.10660035817780521,0.6024106740951538,0.19047619047619047
p_response_target-ss_ext_list_price,0.43,0.0,0.5921568870544434,0.17647058823529416
p_response_target-ss_ext_tax,0.45,0.16666666666666666,0.5610644221305847,0.23529411764705888
p_response_target-ss_coupon_amt,0.54,0.14433756729740646,0.6294620633125305,0.3529411764705882
p_response_target-ss_net_apid,0.58,0.07905694150420949,0.6343830227851868,0.23529411764705888
p_response_target-ss_net_paid_inc_tax,0.5,0.1767766952966369,0.6048503518104553,0.1578947368421053
p_response_target-ss_net_profit,0.67,0.07216878364870323,0.6795557141304016,0.23529411764705888
p_promo_name-ss_sold_date_sk,0.31,0.0,0.5833333134651184,0.2666666666666667
p_promo_name-ss_sold_time_sk,0.29,0.07537783614444091,0.5166666507720947,0.2666666666666667
p_promo_name-ss_item_sk,0.25,0.0,0.5166666507720947,0.16666666666666663
p_promo_name-ss_customer_sk,0.38,0.16724840200141816,0.5246031880378723,0.1428571428571429
p_promo_name-ss_cdemo_sk,0.33,0.19069251784911848,0.4823232591152191,0.25
p_promo_name-ss_hdemo_sk,0.33,0.19069251784911848,0.4823232591152191,0.25
p_promo_name-ss_addr_sk,0.27,0.0,0.5166666507720947,0.08333333333333337
p_promo_name-ss_store_sk,0.36,0.0,0.49040403962135315,0.16666666666666663
p_promo_name-ss_promo_sk,0.5,0.5720775535473553,0.6922799944877625,0.5
p_promo_name-ss_ticket_number,0.33,0.0778498944161523,0.5097222328186035,0.3125
p_promo_name-ss_quantity,0.21,0.0,0.39646467566490173,0.0
p_promo_name-ss_wholesale_cost,0.29,0.0,0.5035948157310486,0.17647058823529416
p_promo_name-ss_list_price,0.31,0.17407765595569785,0.49358972907066345,0.15384615384615385
p_promo_name-ss_sales_price,0.42,0.1556997888323046,0.4563492238521576,0.2142857142857143
p_promo_name-ss_ext_discount_amt,0.4,0.06741998624632421,0.555346667766571,0.26315789473684215
p_promo_name-ss_ext_sales_price,0.36,0.13834289277321493,0.43518519401550293,0.16666666666666663
p_promo_name-ss_ext_wholesale_cost,0.27,0.0,0.4849206507205963,0.19047619047619047
p_promo_name-ss_ext_list_price,0.29,0.1421338109037403,0.47549018263816833,0.17647058823529416
p_promo_name-ss_ext_tax,0.27,0.0,0.5166666507720947,0.16666666666666663
p_promo_name-ss_coupon_amt,0.5,0.08703882797784893,0.6773504614830017,0.3076923076923077
p_promo_name-ss_net_apid,0.42,0.09534625892455924,0.4823232591152191,0.08333333333333337
p_promo_name-ss_net_paid_inc_tax,0.36,0.1421338109037403,0.4385964870452881,0.1578947368421053
p_promo_name-ss_net_profit,0.5,0.3481553119113957,0.5427350401878357,0.07692307692307687
p_channel_dmail-ss_sold_date_sk,0.33,0.0668153104781061,0.4888888895511627,0.0
p_channel_dmail-ss_sold_time_sk,0.4,0.0,0.5492063164710999,0.0
p_channel_dmail-ss_item_sk,0.29,0.0,0.472222238779068,0.1333333333333333
p_channel_dmail-ss_customer_sk,0.24,0.07412493166611013,0.49682536721229553,0.1333333333333333
p_channel_dmail-ss_cdemo_sk,0.36,0.08451542547285165,0.5373737812042236,0.1333333333333333
p_channel_dmail-ss_hdemo_sk,0.36,0.0,0.5373737812042236,0.1333333333333333
p_channel_dmail-ss_addr_sk,0.21,0.0,0.472222238779068,0.1333333333333333
p_channel_dmail-ss_store_sk,0.13,0.0,0.4909090995788574,0.1333333333333333
p_channel_dmail-ss_promo_sk,0.2,0.0,0.37676766514778137,0.06666666666666665
p_channel_dmail-ss_ticket_number,0.35,0.0,0.5361111164093018,0.1875
p_channel_dmail-ss_quantity,0.25,0.08451542547285165,0.5434343218803406,0.1333333333333333
p_channel_dmail-ss_wholesale_cost,0.4,0.06299407883487121,0.5309057235717773,0.17647058823529416
p_channel_dmail-ss_list_price,0.43,0.0,0.4393162727355957,0.06666666666666665
p_channel_dmail-ss_sales_price,0.54,0.0,0.5539682507514954,0.19999999999999996
p_channel_dmail-ss_ext_discount_amt,0.5,0.05976143046671968,0.5801169872283936,0.10526315789473684
p_channel_dmail-ss_ext_sales_price,0.47,0.0,0.46666669845581055,0.16666666666666663
p_channel_dmail-ss_ext_wholesale_cost,0.38,0.05698028822981897,0.5047619342803955,0.1428571428571429
p_channel_dmail-ss_ext_list_price,0.4,0.0,0.4758169949054718,0.11764705882352944
p_channel_dmail-ss_ext_tax,0.21,0.0,0.472222238779068,0.1333333333333333
p_channel_dmail-ss_coupon_amt,0.4,0.07715167498104597,0.5255189538002014,0.19999999999999996
p_channel_dmail-ss_net_apid,0.54,0.08451542547285165,0.558152973651886,0.2666666666666667
p_channel_dmail-ss_net_paid_inc_tax,0.57,0.12598815766974242,0.5976608395576477,0.10526315789473684
p_channel_dmail-ss_net_profit,0.31,0.07715167498104597,0.5726495385169983,0.19999999999999996
p_channel_email-ss_sold_date_sk,0.27,0.0,0.42222222685813904,0.06666666666666665
p_channel_email-ss_sold_time_sk,0.33,0.0,0.4888888895511627,0.06666666666666665
p_channel_email-ss_item_sk,0.31,0.0890870806374748,0.472222238779068,0.1333333333333333
p_channel_email-ss_customer_sk,0.25,0.07412493166611013,0.49682536721229553,0.1333333333333333
p_channel_email-ss_cdemo_sk,0.29,0.1690308509457033,0.5292929410934448,0.1333333333333333
p_channel_email-ss_hdemo_sk,0.29,0.08451542547285165,0.5292929410934448,0.1333333333333333
p_channel_email-ss_addr_sk,0.14,0.0,0.5,0.1333333333333333
p_channel_email-ss_store_sk,0.13,0.0,0.4909090995788574,0.1333333333333333
p_channel_email-ss_promo_sk,0.21,0.0,0.37676766514778137,0.06666666666666665
p_channel_email-ss_ticket_number,0.38,0.0,0.5394841432571411,0.1875
p_channel_email-ss_quantity,0.27,0.08451542547285165,0.5434343218803406,0.1333333333333333
p_channel_email-ss_wholesale_cost,0.43,0.06299407883487121,0.5846405625343323,0.17647058823529416
p_channel_email-ss_list_price,0.46,0.0,0.4393162727355957,0.06666666666666665
p_channel_email-ss_sales_price,0.58,0.0,0.5603174567222595,0.19999999999999996
p_channel_email-ss_ext_discount_amt,0.44,0.05976143046671968,0.5264620184898376,0.10526315789473684
p_channel_email-ss_ext_sales_price,0.5,0.061313933948496574,0.5232804417610168,0.16666666666666663
p_channel_email-ss_ext_wholesale_cost,0.4,0.11396057645963795,0.5547619462013245,0.1428571428571429
p_channel_email-ss_ext_list_price,0.43,0.06299407883487121,0.4732026159763336,0.11764705882352944
p_channel_email-ss_ext_tax,0.23,0.0890870806374748,0.472222238779068,0.1333333333333333
p_channel_email-ss_coupon_amt,0.43,0.07715167498104597,0.5255189538002014,0.19999999999999996
p_channel_email-ss_net_apid,0.46,0.08451542547285165,0.5373737812042236,0.2666666666666667
p_channel_email-ss_net_paid_inc_tax,0.5,0.12598815766974242,0.5430799126625061,0.10526315789473684
p_channel_email-ss_net_profit,0.33,0.07715167498104597,0.5726495385169983,0.19999999999999996
p_channel_catalog-ss_sold_date_sk,0.43,0.05892556509887897,0.4732026159763336,0.17647058823529416
p_channel_catalog-ss_sold_time_sk,0.31,0.0,0.4091503620147705,0.05882352941176472
p_channel_catalog-ss_item_sk,0.2,0.0,0.49215686321258545,0.11764705882352944
p_channel_catalog-ss_customer_sk,0.31,0.1307440900921227,0.4837535321712494,0.11764705882352944
p_channel_catalog-ss_cdemo_sk,0.27,0.14907119849998599,0.5329768061637878,0.11764705882352944
p_channel_catalog-ss_hdemo_sk,0.27,0.0,0.5329768061637878,0.11764705882352944
p_channel_catalog-ss_addr_sk,0.13,0.0,0.49215686321258545,0.11764705882352944
p_channel_catalog-ss_store_sk,0.29,0.0,0.48306596279144287,0.11764705882352944
p_channel_catalog-ss_promo_sk,0.2,0.0,0.3719548285007477,0.05882352941176472
p_channel_catalog-ss_ticket_number,0.28,0.0,0.5204248428344727,0.11764705882352944
p_channel_catalog-ss_quantity,0.25,0.07453559924999299,0.5329768061637878,0.17647058823529416
p_channel_catalog-ss_wholesale_cost,0.62,0.1666666666666667,0.6254901885986328,0.11764705882352944
p_channel_catalog-ss_list_price,0.43,0.0,0.5492709875106812,0.05882352941176472
p_channel_catalog-ss_sales_price,0.43,0.06085806194501846,0.5382819771766663,0.17647058823529416
p_channel_catalog-ss_ext_discount_amt,0.41,0.0,0.5055469870567322,0.10526315789473684
p_channel_catalog-ss_ext_sales_price,0.47,0.05407380704358752,0.45736074447631836,0.11111111111111116
p_channel_catalog-ss_ext_wholesale_cost,0.57,0.15075567228888181,0.5548086166381836,0.19047619047619047
p_channel_catalog-ss_ext_list_price,0.4,0.0,0.5130718946456909,0.0
p_channel_catalog-ss_ext_tax,0.31,0.07856742013183861,0.5313725471496582,0.17647058823529416
p_channel_catalog-ss_coupon_amt,0.5,0.13608276348795434,0.5072183012962341,0.17647058823529416
p_channel_catalog-ss_net_apid,0.43,0.07453559924999299,0.5216875076293945,0.23529411764705888
p_channel_catalog-ss_net_paid_inc_tax,0.47,0.11111111111111113,0.5381836891174316,0.1578947368421053
p_channel_catalog-ss_net_profit,0.4,0.06804138174397717,0.5548373460769653,0.17647058823529416
p_channel_tv-ss_sold_date_sk,0.36,0.0,0.5222222208976746,0.1333333333333333
p_channel_tv-ss_sold_time_sk,0.25,0.07537783614444091,0.45000001788139343,0.1333333333333333
p_channel_tv-ss_item_sk,0.21,0.0,0.5166666507720947,0.16666666666666663
p_channel_tv-ss_customer_sk,0.25,0.08362420100070908,0.5246031880378723,0.2857142857142857
p_channel_tv-ss_cdemo_sk,0.2,0.09534625892455924,0.5656566023826599,0.16666666666666663
p_channel_tv-ss_hdemo_sk,0.2,0.0,0.5656566023826599,0.16666666666666663
p_channel_tv-ss_addr_sk,0.14,0.0,0.5166666507720947,0.16666666666666663
p_channel_tv-ss_store_sk,0.21,0.0,0.5075757503509521,0.16666666666666663
p_channel_tv-ss_promo_sk,0.13,0.0,0.39646467566490173,0.08333333333333337
p_channel_tv-ss_ticket_number,0.29,0.0778498944161523,0.5694444179534912,0.1875
p_channel_tv-ss_quantity,0.27,0.09534625892455924,0.5656566023826599,0.25
p_channel_tv-ss_wholesale_cost,0.54,0.07106690545187015,0.6174135804176331,0.23529411764705888
p_channel_tv-ss_list_price,0.46,0.0,0.5337607264518738,0.07692307692307687
p_channel_tv-ss_sales_price,0.46,0.0,0.5246031880378723,0.1428571428571429
p_channel_tv-ss_ext_discount_amt,0.35,0.0,0.4941520690917969,0.1578947368421053
p_channel_tv-ss_ext_sales_price,0.5,0.0,0.5,0.16666666666666663
p_channel_tv-ss_ext_wholesale_cost,0.5,0.06428243465332249,0.4960317611694336,0.19047619047619047
p_channel_tv-ss_ext_list_price,0.43,0.0,0.5035948157310486,0.11764705882352944
p_channel_tv-ss_ext_tax,0.33,0.10050378152592121,0.5722222328186035,0.08333333333333337
p_channel_tv-ss_coupon_amt,0.43,0.08703882797784893,0.6004273295402527,0.23076923076923073
p_channel_tv-ss_net_apid,0.46,0.09534625892455924,0.5707070827484131,0.08333333333333337
p_channel_tv-ss_net_paid_inc_tax,0.5,0.1421338109037403,0.5292397737503052,0.21052631578947367
p_channel_tv-ss_net_profit,0.33,0.08703882797784893,0.5337607264518738,0.07692307692307687
p_channel_radio-ss_sold_date_sk,0.4,0.0,0.4888888895511627,0.0
p_channel_radio-ss_sold_time_sk,0.38,0.0,0.4888888895511627,0.0
p_channel_radio-ss_item_sk,0.19,0.0,0.5,0.1333333333333333
p_channel_radio-ss_customer_sk,0.29,0.07412493166611013,0.49682536721229553,0.1333333333333333
p_channel_radio-ss_cdemo_sk,0.33,0.08451542547285165,0.5434343218803406,0.1333333333333333
p_channel_radio-ss_hdemo_sk,0.33,0.0,0.5434343218803406,0.1333333333333333
p_channel_radio-ss_addr_sk,0.29,0.0890870806374748,0.472222238779068,0.1333333333333333
p_channel_radio-ss_store_sk,0.27,0.0,0.46010100841522217,0.1333333333333333
p_channel_radio-ss_promo_sk,0.27,0.0,0.37676766514778137,0.06666666666666665
p_channel_radio-ss_ticket_number,0.33,0.0,0.5361111164093018,0.125
p_channel_radio-ss_quantity,0.24,0.08451542547285165,0.5434343218803406,0.1333333333333333
p_channel_radio-ss_wholesale_cost,0.47,0.06299407883487121,0.5785247683525085,0.17647058823529416
p_channel_radio-ss_list_price,0.5,0.0,0.5094017386436462,0.06666666666666665
p_channel_radio-ss_sales_price,0.62,0.0,0.6079365611076355,0.19999999999999996
p_channel_radio-ss_ext_discount_amt,0.47,0.05976143046671968,0.5430799126625061,0.052631578947368474
p_channel_radio-ss_ext_sales_price,0.53,0.0,0.5232804417610168,0.16666666666666663
p_channel_radio-ss_ext_wholesale_cost,0.44,0.05698028822981897,0.4571428596973419,0.19047619047619047
p_channel_radio-ss_ext_list_price,0.47,0.0,0.4732026159763336,0.11764705882352944
p_channel_radio-ss_ext_tax,0.2,0.0,0.472222238779068,0.1333333333333333
p_channel_radio-ss_coupon_amt,0.38,0.07715167498104597,0.45384612679481506,0.19999999999999996
p_channel_radio-ss_net_apid,0.5,0.08451542547285165,0.558152973651886,0.33333333333333337
p_channel_radio-ss_net_paid_inc_tax,0.53,0.06299407883487121,0.5643274784088135,0.1578947368421053
p_channel_radio-ss_net_profit,0.47,0.07715167498104597,0.6207570433616638,0.2666666666666667
p_channel_press-ss_sold_date_sk,0.36,0.0668153104781061,0.4888888895511627,0.06666666666666665
p_channel_press-ss_sold_time_sk,0.25,0.0668153104781061,0.4888888895511627,0.06666666666666665
p_channel_press-ss_item_sk,0.21,0.0890870806374748,0.5555555820465088,0.19999999999999996
p_channel_press-ss_customer_sk,0.33,0.14824986333222026,0.5539682507514954,0.19999999999999996
p_channel_press-ss_cdemo_sk,0.29,0.1690308509457033,0.5959596037864685,0.19999999999999996
p_channel_press-ss_hdemo_sk,0.29,0.08451542547285165,0.5959596037864685,0.19999999999999996
p_channel_press-ss_addr_sk,0.33,0.0890870806374748,0.5444445013999939,0.19999999999999996
p_channel_press-ss_store_sk,0.31,0.15430334996209194,0.5292929410934448,0.19999999999999996
p_channel_press-ss_promo_sk,0.31,0.253546276418555,0.46010100841522217,0.1333333333333333
p_channel_press-ss_ticket_number,0.38,0.06900655593423542,0.5394841432571411,0.125
p_channel_press-ss_quantity,0.27,0.1690308509457033,0.4909090995788574,0.1333333333333333
p_channel_press-ss_wholesale_cost,0.54,0.18898223650461363,0.6357298493385315,0.23529411764705888
p_channel_press-ss_list_price,0.58,0.23145502494313788,0.5094017386436462,0.19999999999999996
p_channel_press-ss_sales_price,0.73,0.2760262237369417,0.6365079879760742,0.33333333333333337
p_channel_press-ss_ext_discount_amt,0.35,0.05976143046671968,0.46081867814064026,0.052631578947368474
p_channel_press-ss_ext_sales_price,0.62,0.2452557357939863,0.6074074506759644,0.2777777777777778
p_channel_press-ss_ext_wholesale_cost,0.5,0.1709408646894569,0.565079391002655,0.19047619047619047
p_channel_press-ss_ext_list_price,0.54,0.18898223650461363,0.5429738759994507,0.23529411764705888
p_channel_press-ss_ext_tax,0.33,0.0890870806374748,0.472222238779068,0.06666666666666665
p_channel_press-ss_coupon_amt,0.43,0.15430334996209194,0.45384612679481506,0.1333333333333333
p_channel_press-ss_net_apid,0.46,0.1690308509457033,0.5373737812042236,0.19999999999999996
p_channel_press-ss_net_paid_inc_tax,0.5,0.18898223650461363,0.46883878111839294,0.10526315789473684
p_channel_press-ss_net_profit,0.43,0.3086066999241839,0.6205127835273743,0.2666666666666667
p_channel_event-ss_sold_date_sk,0.36,0.0,0.4888888895511627,0.06666666666666665
p_channel_event-ss_sold_time_sk,0.25,0.0,0.42222222685813904,0.06666666666666665
p_channel_event-ss_item_sk,0.21,0.0,0.5,0.1333333333333333
p_channel_event-ss_customer_sk,0.25,0.07412493166611013,0.5174603462219238,0.1333333333333333
p_channel_event-ss_cdemo_sk,0.2,0.08451542547285165,0.5434343218803406,0.1333333333333333
p_channel_event-ss_hdemo_sk,0.2,0.0,0.5434343218803406,0.1333333333333333
p_channel_event-ss_addr_sk,0.14,0.0,0.5,0.1333333333333333
p_channel_event-ss_store_sk,0.21,0.0,0.4909090995788574,0.1333333333333333
p_channel_event-ss_promo_sk,0.13,0.0,0.379798024892807,0.06666666666666665
p_channel_event-ss_ticket_number,0.29,0.0,0.5394841432571411,0.125
p_channel_event-ss_quantity,0.27,0.1690308509457033,0.5434343218803406,0.1333333333333333
p_channel_event-ss_wholesale_cost,0.54,0.06299407883487121,0.5846405625343323,0.23529411764705888
p_channel_event-ss_list_price,0.46,0.0,0.4414529800415039,0.06666666666666665
p_channel_event-ss_sales_price,0.46,0.0,0.5539682507514954,0.19999999999999996
p_channel_event-ss_ext_discount_amt,0.35,0.11952286093343936,0.46081867814064026,0.10526315789473684
p_channel_event-ss_ext_sales_price,0.5,0.061313933948496574,0.5232804417610168,0.16666666666666663
p_channel_event-ss_ext_wholesale_cost,0.5,0.11396057645963795,0.565079391002655,0.19047619047619047
p_channel_event-ss_ext_list_price,0.43,0.06299407883487121,0.4732026159763336,0.11764705882352944
p_channel_event-ss_ext_tax,0.33,0.0890870806374748,0.472222238779068,0.06666666666666665
p_channel_event-ss_coupon_amt,0.43,0.07715167498104597,0.5255189538002014,0.19999999999999996
p_channel_event-ss_net_apid,0.46,0.08451542547285165,0.46262630820274353,0.19999999999999996
p_channel_event-ss_net_paid_inc_tax,0.5,0.06299407883487121,0.5264620184898376,0.1578947368421053
p_channel_event-ss_net_profit,0.33,0.07715167498104597,0.5726495385169983,0.19999999999999996
p_channel_demo-ss_sold_date_sk,0.43,0.06933752452815364,0.49841269850730896,0.06666666666666665
p_channel_demo-ss_sold_time_sk,0.4,0.0,0.49841269850730896,0.06666666666666665
p_channel_demo-ss_item_sk,0.2,0.09245003270420486,0.47857141494750977,0.1428571428571429
p_channel_demo-ss_customer_sk,0.31,0.07692307692307693,0.5079365372657776,0.1428571428571429
p_channel_demo-ss_cdemo_sk,0.46,0.3508232077228117,0.6168830990791321,0.1428571428571429
p_channel_demo-ss_hdemo_sk,0.46,0.2631174057921088,0.6168830990791321,0.1428571428571429
p_channel_demo-ss_addr_sk,0.21,0.0,0.47857141494750977,0.1428571428571429
p_channel_demo-ss_store_sk,0.2,0.0,0.49567100405693054,0.1428571428571429
p_channel_demo-ss_promo_sk,0.29,0.08770580193070293,0.47056278586387634,0.0714285714285714
p_channel_demo-ss_ticket_number,0.28,0.0,0.550595223903656,0.1875
p_channel_demo-ss_quantity,0.18,0.08770580193070293,0.49567100405693054,0.1428571428571429
p_channel_demo-ss_wholesale_cost,0.5,0.06537204504606135,0.5973389744758606,0.23529411764705888
p_channel_demo-ss_list_price,0.33,0.0,0.44780221581459045,0.0714285714285714
p_channel_demo-ss_sales_price,0.43,0.0,0.5634920597076416,0.1428571428571429
p_channel_demo-ss_ext_discount_amt,0.5,0.062017367294604234,0.539160430431366,0.10526315789473684
p_channel_demo-ss_ext_sales_price,0.38,0.0,0.4761904776096344,0.16666666666666663
p_channel_demo-ss_ext_wholesale_cost,0.47,0.05913123959890826,0.5257936716079712,0.19047619047619047
p_channel_demo-ss_ext_list_price,0.31,0.0,0.4837535321712494,0.11764705882352944
p_channel_demo-ss_ext_tax,0.21,0.0,0.47857141494750977,0.0714285714285714
p_channel_demo-ss_coupon_amt,0.5,0.08006407690254358,0.6039377450942993,0.2142857142857143
p_channel_demo-ss_net_apid,0.43,0.08770580193070293,0.5468975901603699,0.2142857142857143
p_channel_demo-ss_net_paid_inc_tax,0.47,0.06537204504606135,0.4974937438964844,0.10526315789473684
p_channel_demo-ss_net_profit,0.31,0.08006407690254358,0.5805860757827759,0.0714285714285714
p_channel_details-ss_sold_date_sk,0.5,0.0625,0.5429738759994507,0.17647058823529416
p_channel_details-ss_sold_time_sk,0.47,0.0,0.5846405625343323,0.11764705882352944
p_channel_details-ss_item_sk,0.36,0.0,0.49215686321258545,0.11764705882352944
p_channel_details-ss_customer_sk,0.29,0.06933752452815364,0.5382819771766663,0.11764705882352944
p_channel_details-ss_cdemo_sk,0.33,0.15811388300841897,0.5772430300712585,0.17647058823529416
p_channel_details-ss_hdemo_sk,0.33,0.07905694150420949,0.5772430300712585,0.17647058823529416
p_channel_details-ss_addr_sk,0.29,0.0,0.46176472306251526,0.11764705882352944
p_channel_details-ss_store_sk,0.27,0.0,0.5329768061637878,0.11764705882352944
p_channel_details-ss_promo_sk,0.19,0.0,0.44964349269866943,0.05882352941176472
p_channel_details-ss_ticket_number,0.41,0.06454972243679027,0.5211834907531738,0.11764705882352944
p_channel_details-ss_quantity,0.4,0.07905694150420949,0.5828877091407776,0.23529411764705888
p_channel_details-ss_wholesale_cost,0.57,0.05892556509887897,0.6254901885986328,0.17647058823529416
p_channel_details-ss_list_price,0.62,0.0,0.49371543526649475,0.11764705882352944
p_channel_details-ss_sales_price,0.62,0.0,0.5420168042182922,0.23529411764705888
p_channel_details-ss_ext_discount_amt,0.56,0.05590169943749474,0.5715170502662659,0.10526315789473684
p_channel_details-ss_ext_sales_price,0.64,0.0,0.5283224582672119,0.16666666666666663
p_channel_details-ss_ext_wholesale_cost,0.53,0.053300179088902604,0.5548086166381836,0.1428571428571429
p_channel_details-ss_ext_list_price,0.57,0.0,0.563725471496582,0.05882352941176472
p_channel_details-ss_ext_tax,0.38,0.08333333333333333,0.5313725471496582,0.17647058823529416
p_channel_details-ss_coupon_amt,0.47,0.07216878364870323,0.5072183012962341,0.17647058823529416
p_channel_details-ss_net_apid,0.75,0.15811388300841897,0.6076202988624573,0.23529411764705888
p_channel_details-ss_net_paid_inc_tax,0.77,0.23570226039551587,0.5904869437217712,0.10526315789473684
p_channel_details-ss_net_profit,0.47,0.14433756729740646,0.5548373460769653,0.23529411764705888
p_purpose-ss_sold_date_sk,0.33,0.0,0.4870370328426361,0.1333333333333333
p_purpose-ss_sold_time_sk,0.31,0.0,0.4870370328426361,0.1333333333333333
p_purpose-ss_item_sk,0.27,0.0,0.43333330750465393,0.19999999999999996
p_purpose-ss_customer_sk,0.55,0.0,0.5873015522956848,0.2857142857142857
p_purpose-ss_cdemo_sk,0.36,0.0,0.5193602442741394,0.2727272727272727
p_purpose-ss_hdemo_sk,0.36,0.0,0.5193602442741394,0.2727272727272727
p_purpose-ss_addr_sk,0.3,0.0,0.5444444417953491,0.19999999999999996
p_purpose-ss_store_sk,0.56,0.0,0.603367030620575,0.2727272727272727
p_purpose-ss_promo_sk,0.56,0.11180339887498948,0.603367030620575,0.36363636363636365
p_purpose-ss_ticket_number,0.36,0.0,0.3958333432674408,0.125
p_purpose-ss_quantity,0.23,0.0,0.4680134356021881,0.18181818181818177
p_purpose-ss_wholesale_cost,0.31,0.08333333333333333,0.4765795171260834,0.17647058823529416
p_purpose-ss_list_price,0.45,0.10206207261596574,0.5800569653511047,0.23076923076923073
p_purpose-ss_sales_price,0.45,0.09128709291752767,0.5042328238487244,0.2142857142857143
p_purpose-ss_ext_discount_amt,0.33,0.0,0.38499024510383606,0.10526315789473684
p_purpose-ss_ext_sales_price,0.38,0.08111071056538126,0.3888889253139496,0.16666666666666663
p_purpose-ss_ext_wholesale_cost,0.29,0.0753778361444409,0.37830686569213867,0.19047619047619047
p_purpose-ss_ext_list_price,0.42,0.08333333333333333,0.3932461738586426,0.17647058823529416
p_purpose-ss_ext_tax,0.3,0.0,0.4037036895751953,0.09999999999999998
p_purpose-ss_coupon_amt,0.42,0.10206207261596574,0.5007122159004211,0.23076923076923073
p_purpose-ss_net_apid,0.33,0.0,0.42424240708351135,0.09090909090909094
p_purpose-ss_net_paid_inc_tax,0.29,0.08333333333333333,0.46832358837127686,0.10526315789473684
p_purpose-ss_net_profit,0.55,0.10206207261596574,0.5133903622627258,0.23076923076923073
p_discount_active-ss_sold_date_sk,0.47,0.0625,0.5429738759994507,0.17647058823529416
p_discount_active-ss_sold_time_sk,0.44,0.0625,0.5429738759994507,0.17647058823529416
p_discount_active-ss_item_sk,0.33,0.0,0.5313725471496582,0.11764705882352944
p_discount_active-ss_customer_sk,0.44,0.0,0.555672287940979,0.17647058823529416
p_discount_active-ss_cdemo_sk,0.4,0.0,0.5216875076293945,0.11764705882352944
p_discount_active-ss_hdemo_sk,0.31,0.0,0.5162210464477539,0.11764705882352944
p_discount_active-ss_addr_sk,0.27,0.08333333333333333,0.46176472306251526,0.11764705882352944
p_discount_active-ss_store_sk,0.33,0.0,0.44955435395240784,0.17647058823529416
p_discount_active-ss_promo_sk,0.25,0.0,0.5162210464477539,0.11764705882352944
p_discount_active-ss_ticket_number,0.47,0.12909944487358055,0.604411780834198,0.23529411764705888
p_discount_active-ss_quantity,0.47,0.15811388300841897,0.6492869853973389,0.2941176470588235
p_discount_active-ss_wholesale_cost,0.44,0.05892556509887897,0.5220587849617004,0.05882352941176472
p_discount_active-ss_list_price,0.47,0.14433756729740646,0.5703243017196655,0.3529411764705882
p_discount_active-ss_sales_price,0.47,0.0,0.5420168042182922,0.23529411764705888
p_discount_active-ss_ext_discount_amt,0.73,0.6149186938124421,0.6124870777130127,0.4736842105263158
p_discount_active-ss_ext_sales_price,0.5,0.057353933467640436,0.5550108551979065,0.16666666666666663
p_discount_active-ss_ext_wholesale_cost,0.41,0.10660035817780521,0.5045129656791687,0.09523809523809523
p_discount_active-ss_ext_list_price,0.44,0.1767766952966369,0.5381264090538025,0.23529411764705888
p_discount_active-ss_ext_tax,0.36,0.08333333333333333,0.5398693084716797,0.23529411764705888
p_discount_active-ss_coupon_amt,0.64,0.21650635094610968,0.6524887084960938,0.2941176470588235
p_discount_active-ss_net_apid,0.69,0.15811388300841897,0.5398523211479187,0.2941176470588235
p_discount_active-ss_net_paid_inc_tax,0.71,0.05892556509887897,0.6402648091316223,0.1578947368421053
p_discount_active-ss_net_profit,0.53,0.07216878364870323,0.5924250483512878,0.17647058823529416
